scientific_name,park_name,observations,category,common_names,conservation_status
tofieldia glabra,Great Smoky Mountains National Park,75,Vascular Plant,"Smooth Bog-Asphodel, Smooth Tofieldia",Species of Concern
nycticorax nycticorax,Great Smoky Mountains National Park,64,Bird,Black-Crowned Night-Heron,Species of Concern
nycticorax nycticorax,Great Smoky Mountains National Park,64,Bird,Black-Crowned Night Heron,Species of Concern
rana draytonii,Great Smoky Mountains National Park,43,Amphibian,California Red-Legged Frog,Threatened
aythya affinis,Great Smoky Mountains National Park,115,Bird,Lesser Scaup,Species of Concern
lilium grayi,Great Smoky Mountains National Park,89,Vascular Plant,Gray's Lily,Species of Concern
anaxyrus canorus,Great Smoky Mountains National Park,30,Amphibian,Yosemite Toad,Threatened
pelecanus erythrorhynchos,Great Smoky Mountains National Park,93,Bird,American White Pelican,Species of Concern
lasiurus blossevillii,Great Smoky Mountains National Park,70,Mammal,Western Red Bat,Species of Concern
silene ovata,Great Smoky Mountains National Park,42,Vascular Plant,"Mountain Catchfly, Rough-Leaved Campion",Species of Concern
myotis lucifugus,Great Smoky Mountains National Park,57,Mammal,"Little Brown Bat, Little Brown Myotis",Species of Concern
myotis lucifugus,Great Smoky Mountains National Park,57,Mammal,"Little Brown Bat, Little Brown Myotis, Little Brown Myotis",Species of Concern
myotis lucifugus,Great Smoky Mountains National Park,57,Mammal,Little Brown Myotis,Species of Concern
buteo lineatus,Great Smoky Mountains National Park,31,Bird,Red-Shouldered Hawk,Species of Concern
oreoscoptes montanus,Great Smoky Mountains National Park,38,Bird,Sage Thrasher,Species of Concern
monotropsis odorata,Great Smoky Mountains National Park,55,Vascular Plant,"Sweet Pinesap, Sweet Pine-Sap",Species of Concern
iris missouriensis,Great Smoky Mountains National Park,85,Vascular Plant,"Rocky Mountain Iris, Western Blue Flag, Wild Iris, Wildiris",Species of Concern
icteria virens,Great Smoky Mountains National Park,69,Bird,Yellow-Breasted Chat,Species of Concern
pandion haliaetus,Great Smoky Mountains National Park,58,Bird,Osprey,Species of Concern
pandion haliaetus,Great Smoky Mountains National Park,58,Bird,"Osprey, Western Osprey",Species of Concern
pica nuttalli,Great Smoky Mountains National Park,83,Bird,Yellow-Billed Magpie,Species of Concern
sphyrapicus thyroideus,Great Smoky Mountains National Park,51,Bird,Williamson's Sapsucker,Species of Concern
antrozous pallidus,Great Smoky Mountains National Park,61,Mammal,"Pallid Bat, Pallid Bat",Species of Concern
riparia riparia,Great Smoky Mountains National Park,92,Bird,Bank Swallow,Species of Concern
riparia riparia,Great Smoky Mountains National Park,92,Bird,"Bank Swallow, Sand Martin",Species of Concern
geum radiatum,Great Smoky Mountains National Park,27,Vascular Plant,"Mountain Avens, Spreading Avens",Endangered
myotis evotis,Great Smoky Mountains National Park,46,Mammal,"Long-Eared Myotis, Long-Eared Myotis",Species of Concern
cathartes aura,Great Smoky Mountains National Park,47,Bird,Turkey Vulture,Species of Concern
elanus leucurus,Great Smoky Mountains National Park,87,Bird,White-Tailed Kite,Species of Concern
oncorhynchus mykiss,Great Smoky Mountains National Park,61,Fish,Rainbow Trout,Threatened
myotis septentrionalis,Great Smoky Mountains National Park,34,Mammal,"Northern Long-Eared Bat, Northern Myotis",Threatened
dryocopus pileatus,Great Smoky Mountains National Park,60,Bird,Pileated Woodpecker,Species of Concern
bartramia longicauda,Great Smoky Mountains National Park,78,Bird,Upland Sandpiper,Species of Concern
leptohymenium sharpii,Great Smoky Mountains National Park,44,Nonvascular Plant,Sharp's Leptohymenium Moss,Species of Concern
najas flexilis,Great Smoky Mountains National Park,83,Vascular Plant,"Nodding Waternymph, Slender Naiad, Wavy Waternymph",Species of Concern
mimulus patulus,Great Smoky Mountains National Park,26,Vascular Plant,Stalk-Leaved Monkey-Flower,Species of Concern
plegadis chihi,Great Smoky Mountains National Park,87,Bird,White-Faced Ibis,Species of Concern
noturus baileyi,Great Smoky Mountains National Park,23,Fish,Smoky Madtom,Endangered
lampropeltis getula californiae,Great Smoky Mountains National Park,110,Reptile,California Kingsnake,Species of Concern
vaccinium hirsutum,Great Smoky Mountains National Park,58,Vascular Plant,Hairy Blueberry,Species of Concern
calamagrostis cainii,Great Smoky Mountains National Park,49,Vascular Plant,"Cain's Reed-Bent Grass, Cain's Reed-Grass",Species of Concern
myotis yumanensis,Great Smoky Mountains National Park,83,Mammal,"Yuma Myotis, Yuma Myotis",Species of Concern
euderma maculatum,Great Smoky Mountains National Park,94,Mammal,"Spotted Bat, Spotted Bat",Species of Concern
riparia riparia,Great Smoky Mountains National Park,76,Bird,Bank Swallow,Species of Concern
riparia riparia,Great Smoky Mountains National Park,76,Bird,"Bank Swallow, Sand Martin",Species of Concern
abies fraseri,Great Smoky Mountains National Park,81,Vascular Plant,Fraser Fir,Species of Concern
tachycineta bicolor,Great Smoky Mountains National Park,69,Bird,Tree Swallow,Species of Concern
phalacrocorax auritus,Great Smoky Mountains National Park,45,Bird,Double-Crested Cormorant,Species of Concern
elanoides forficatus,Great Smoky Mountains National Park,26,Bird,"American Swallow-Tailed Kite, Swallow-Tailed Kite",Species of Concern
thryomanes bewickii altus,Great Smoky Mountains National Park,86,Bird,Appalachian Bewick's Wren,Species of Concern
empidonax traillii,Great Smoky Mountains National Park,94,Bird,Willow Flycatcher,Species of Concern
taxidea taxus,Great Smoky Mountains National Park,53,Mammal,"American Badger, Badger",Species of Concern
taxidea taxus,Great Smoky Mountains National Park,53,Mammal,Badger,Species of Concern
oncorhynchus clarkii henshawi,Great Smoky Mountains National Park,48,Fish,Lahontan Cutthroat Trout,Threatened
gavia immer,Great Smoky Mountains National Park,63,Bird,Common Loon,Species of Concern
gavia immer,Great Smoky Mountains National Park,63,Bird,"Common Loon, Great Northern Diver, Great Northern Loon",Species of Concern
poa paludigena,Great Smoky Mountains National Park,81,Vascular Plant,Bog Bluegrass,Species of Concern
chaetura vauxi,Great Smoky Mountains National Park,53,Bird,Vaux's Swift,Species of Concern
larus atricilla,Great Smoky Mountains National Park,78,Bird,Laughing Gull,Species of Concern
phainopepla nitens,Great Smoky Mountains National Park,26,Bird,Phainopepla,Species of Concern
trifolium bolanderi,Great Smoky Mountains National Park,76,Vascular Plant,Parasol Clover,Species of Concern
limosa fedoa,Great Smoky Mountains National Park,82,Bird,Marbled Godwit,Species of Concern
myotis austroriparius,Great Smoky Mountains National Park,60,Mammal,"Mississippi Myotis, Southeastern Myotis",Species of Concern
eptesicus fuscus,Great Smoky Mountains National Park,59,Mammal,Big Brown Bat,Species of Concern
eptesicus fuscus,Great Smoky Mountains National Park,59,Mammal,"Big Brown Bat, Big Brown Bat",Species of Concern
cottus bairdii,Great Smoky Mountains National Park,69,Fish,Mottled Sculpin,Species of Concern
callitriche marginata,Great Smoky Mountains National Park,85,Vascular Plant,Winged Water-Starwort,Species of Concern
rugelia nudicaulis,Great Smoky Mountains National Park,58,Vascular Plant,Rugel's Ragwort,Species of Concern
percina burtoni,Great Smoky Mountains National Park,87,Fish,Blotchside Darter,Species of Concern
abronia ammophila,Great Smoky Mountains National Park,72,Vascular Plant,"Wyoming Sand Verbena, Yellowstone Sand Verbena",Species of Concern
eriophyllum nubigenum,Great Smoky Mountains National Park,59,Vascular Plant,Yosemite Woolly Sunflower,Species of Concern
spizella breweri,Great Smoky Mountains National Park,72,Bird,Brewer's Sparrow,Species of Concern
myotis lucifugus,Great Smoky Mountains National Park,59,Mammal,"Little Brown Bat, Little Brown Myotis",Species of Concern
myotis lucifugus,Great Smoky Mountains National Park,59,Mammal,"Little Brown Bat, Little Brown Myotis, Little Brown Myotis",Species of Concern
myotis lucifugus,Great Smoky Mountains National Park,59,Mammal,Little Brown Myotis,Species of Concern
chasmistes liorus,Great Smoky Mountains National Park,23,Fish,June Sucker,Endangered
spiraea virginiana,Great Smoky Mountains National Park,45,Vascular Plant,Virginia Spiraea,Threatened
sterna hirundo,Great Smoky Mountains National Park,71,Bird,Common Tern,Species of Concern
accipiter cooperii,Great Smoky Mountains National Park,65,Bird,Cooper's Hawk,Species of Concern
glaucomys sabrinus coloratus,Great Smoky Mountains National Park,21,Mammal,"Carolina Northern Flying Squirrel, Northern Flying Squirrel",Endangered
canis latrans,Great Smoky Mountains National Park,68,Mammal,Coyote,Species of Concern
falco columbarius,Great Smoky Mountains National Park,28,Bird,Merlin,Species of Concern
myotis keenii,Great Smoky Mountains National Park,29,Mammal,Keen's Myotis,Species of Concern
myotis sodalis,Great Smoky Mountains National Park,14,Mammal,"Indiana Bat, Indiana Or Social Myotis",Endangered
contopus cooperi,Great Smoky Mountains National Park,40,Bird,Olive-Sided Flycatcher,Species of Concern
gavia immer,Great Smoky Mountains National Park,58,Bird,Common Loon,Species of Concern
gavia immer,Great Smoky Mountains National Park,58,Bird,"Common Loon, Great Northern Diver, Great Northern Loon",Species of Concern
falco peregrinus anatum,Great Smoky Mountains National Park,70,Bird,American Peregrine Falcon,In Recovery
etheostoma percnurum,Great Smoky Mountains National Park,31,Fish,Duskytail Darter,Endangered
plagiomnium carolinianum,Great Smoky Mountains National Park,87,Nonvascular Plant,Carolina Plagiomnium Moss,Species of Concern
grus americana,Great Smoky Mountains National Park,13,Bird,Whooping Crane,Endangered
parthenium integrifolium,Great Smoky Mountains National Park,80,Vascular Plant,"American Fever-Few, Wild Quinine",Species of Concern
canis lupus,Great Smoky Mountains National Park,15,Mammal,Gray Wolf,Endangered
canis lupus,Great Smoky Mountains National Park,15,Mammal,"Gray Wolf, Wolf",In Recovery
canis lupus,Great Smoky Mountains National Park,15,Mammal,"Gray Wolf, Wolf",Endangered
shortia galacifolia,Great Smoky Mountains National Park,73,Vascular Plant,Oconee Bells,Species of Concern
ammodramus savannarum,Great Smoky Mountains National Park,58,Bird,Grasshopper Sparrow,Species of Concern
pipilo chlorurus,Great Smoky Mountains National Park,62,Bird,Green-Tailed Towhee,Species of Concern
camissonia sierrae ssp. alticola,Great Smoky Mountains National Park,95,Vascular Plant,"Mono Hot Springs Evening Primrose, Mono Hot Springs Evening-Primrose",Species of Concern
falco mexicanus,Great Smoky Mountains National Park,55,Bird,Prairie Falcon,Species of Concern
castilleja sulphurea,Great Smoky Mountains National Park,60,Vascular Plant,Sulphur Indian Paintbrush,Species of Concern
botaurus lentiginosus,Great Smoky Mountains National Park,94,Bird,American Bittern,Species of Concern
trillium pusillum var. pusillum,Great Smoky Mountains National Park,84,Vascular Plant,Dwarf Wakerobin,Species of Concern
buteo lagopus,Great Smoky Mountains National Park,69,Bird,Rough-Legged Hawk,Species of Concern
noturus flavipinnis,Great Smoky Mountains National Park,36,Fish,Yellowfin Madtom,Threatened
falco peregrinus,Great Smoky Mountains National Park,38,Bird,Peregrine Falcon,Species of Concern
coccyzus erythropthalmus,Great Smoky Mountains National Park,87,Bird,Black-Billed Cuckoo,Species of Concern
rallus elegans,Great Smoky Mountains National Park,81,Bird,King Rail,Species of Concern
cygnus buccinator,Great Smoky Mountains National Park,34,Bird,Trumpeter Swan,Species of Concern
myotis lucifugus,Great Smoky Mountains National Park,58,Mammal,"Little Brown Bat, Little Brown Myotis",Species of Concern
myotis lucifugus,Great Smoky Mountains National Park,58,Mammal,"Little Brown Bat, Little Brown Myotis, Little Brown Myotis",Species of Concern
myotis lucifugus,Great Smoky Mountains National Park,58,Mammal,Little Brown Myotis,Species of Concern
pelecanus occidentalis,Great Smoky Mountains National Park,47,Bird,Brown Pelican,In Recovery
lasionycteris noctivagans,Great Smoky Mountains National Park,46,Mammal,Silver-Haired Bat,Species of Concern
lasionycteris noctivagans,Great Smoky Mountains National Park,46,Mammal,"Silver-Haired Bat, Silver-Haired Bat",Species of Concern
guiraca caerulea,Great Smoky Mountains National Park,63,Bird,Blue Grosbeak,Species of Concern
selasphorus rufus,Great Smoky Mountains National Park,86,Bird,Rufous Hummingbird,Species of Concern
hydromantes platycephalus,Great Smoky Mountains National Park,75,Amphibian,Mount Lyell Salamander,Species of Concern
myotis grisescens,Great Smoky Mountains National Park,26,Mammal,Gray Myotis,Endangered
ardea herodias,Great Smoky Mountains National Park,92,Bird,Great Blue Heron,Species of Concern
bazzania nudicaulis,Great Smoky Mountains National Park,108,Nonvascular Plant,Bazzania,Species of Concern
mimulus filicaulis,Great Smoky Mountains National Park,61,Vascular Plant,"Hetch Hetchy Monkey-Flower, Slenderstem Monkeyflower",Species of Concern
romneya coulteri,Great Smoky Mountains National Park,67,Vascular Plant,Coulter's Matilija Poppy,Species of Concern
sylvilagus bachmani,Great Smoky Mountains National Park,27,Mammal,Brush Rabbit,Species of Concern
sorex preblei,Great Smoky Mountains National Park,59,Mammal,"Malheur Shrew, Preble's Shrew",Species of Concern
cryptobranchus alleganiensis alleganiensis,Great Smoky Mountains National Park,58,Amphibian,Eastern Hellbender,Species of Concern
myotis volans,Great Smoky Mountains National Park,63,Mammal,"Long-Legged Myotis, Long-Legged Myotis",Species of Concern
allium tribracteatum,Great Smoky Mountains National Park,66,Vascular Plant,Threebract Onion,Species of Concern
progne subis,Great Smoky Mountains National Park,47,Bird,Purple Martin,Species of Concern
lasionycteris noctivagans,Great Smoky Mountains National Park,29,Mammal,Silver-Haired Bat,Species of Concern
lasionycteris noctivagans,Great Smoky Mountains National Park,29,Mammal,"Silver-Haired Bat, Silver-Haired Bat",Species of Concern
myotis leibii,Great Smoky Mountains National Park,49,Mammal,"Eastern Small-Footed Bat, Eastern Small-Footed Myotis",Species of Concern
loxia curvirostra,Great Smoky Mountains National Park,47,Bird,Red Crossbill,Species of Concern
aquila chrysaetos,Great Smoky Mountains National Park,65,Bird,Golden Eagle,Species of Concern
eptesicus fuscus,Great Smoky Mountains National Park,87,Mammal,Big Brown Bat,Species of Concern
eptesicus fuscus,Great Smoky Mountains National Park,87,Mammal,"Big Brown Bat, Big Brown Bat",Species of Concern
ursus arctos horribilis,Great Smoky Mountains National Park,50,Mammal,Grizzly Bear,Threatened
lysimachia fraseri,Great Smoky Mountains National Park,80,Vascular Plant,Fraser's Loosestrife,Species of Concern
plagiobothrys torreyi var. diffusus,Great Smoky Mountains National Park,49,Vascular Plant,Torrey's Popcornflower,Species of Concern
diadophis punctatus,Great Smoky Mountains National Park,49,Reptile,"Ringneck Snake, Ring-Necked Snake",Species of Concern
lophocolea appalachiana,Great Smoky Mountains National Park,91,Nonvascular Plant,Appalachian Lophocolea,Species of Concern
pituophis melanoleucus melanoleucus,Great Smoky Mountains National Park,73,Reptile,Northern Pine Snake,Species of Concern
rana luteiventris,Great Smoky Mountains National Park,31,Amphibian,Columbia Spotted Frog,Species of Concern
aimophila aestivalis,Great Smoky Mountains National Park,49,Bird,Bachman's Sparrow,Species of Concern
oncorhynchus mykiss,Great Smoky Mountains National Park,39,Fish,Rainbow Trout,Threatened
certhia americana,Great Smoky Mountains National Park,63,Bird,Brown Creeper,Species of Concern
pandion haliaetus,Great Smoky Mountains National Park,80,Bird,Osprey,Species of Concern
pandion haliaetus,Great Smoky Mountains National Park,80,Bird,"Osprey, Western Osprey",Species of Concern
coturnicops noveboracensis,Great Smoky Mountains National Park,18,Bird,Yellow Rail,Species of Concern
myotis californicus,Great Smoky Mountains National Park,97,Mammal,"California Myotis, California Myotis, Californian Myotis",Species of Concern
myotis californicus,Great Smoky Mountains National Park,97,Mammal,California Myotis,Species of Concern
myotis thysanodes,Great Smoky Mountains National Park,75,Mammal,"Fringed Myotis, Fringed Myotis",Species of Concern
gymnogyps californianus,Great Smoky Mountains National Park,15,Bird,California Condor,Endangered
asio otus,Great Smoky Mountains National Park,56,Bird,Long-Eared Owl,Species of Concern
saxifraga caroliniana,Great Smoky Mountains National Park,75,Vascular Plant,Carolina Saxifrage,Species of Concern
gymnorhinus cyanocephalus,Great Smoky Mountains National Park,73,Bird,Pinyon Jay,Species of Concern
canis rufus,Great Smoky Mountains National Park,13,Mammal,Red Wolf,Endangered
epilobium oreganum,Great Smoky Mountains National Park,69,Vascular Plant,"Grants Pass Willowherb, Oregon Fireweed",Species of Concern
hemitremia flammea,Great Smoky Mountains National Park,54,Fish,Flame Chub,Species of Concern
cypseloides niger,Great Smoky Mountains National Park,69,Bird,Black Swift,Species of Concern
picoides pubescens,Great Smoky Mountains National Park,55,Bird,Downy Woodpecker,Species of Concern
vermivora ruficapilla,Great Smoky Mountains National Park,59,Bird,Nashville Warbler,Species of Concern
desmognathus wrighti,Great Smoky Mountains National Park,85,Amphibian,Pigmy Salamander,Species of Concern
erimonax monachus,Great Smoky Mountains National Park,18,Fish,Spotfin Chub,Threatened
pyrocephalus rubinus,Great Smoky Mountains National Park,39,Bird,Vermilion Flycatcher,Species of Concern
lepus americanus tahoensis,Great Smoky Mountains National Park,70,Mammal,Sierra Nevada Snowshoe Hare,Species of Concern
percina squamata,Great Smoky Mountains National Park,58,Fish,Olive Darter,Species of Concern
ovis canadensis sierrae,Great Smoky Mountains National Park,25,Mammal,Sierra Nevada Bighorn Sheep,Endangered
picoides borealis,Great Smoky Mountains National Park,15,Bird,Red-Cockaded Woodpecker,Endangered
canis lupus,Great Smoky Mountains National Park,14,Mammal,Gray Wolf,Endangered
canis lupus,Great Smoky Mountains National Park,14,Mammal,"Gray Wolf, Wolf",In Recovery
canis lupus,Great Smoky Mountains National Park,14,Mammal,"Gray Wolf, Wolf",Endangered
achnatherum contractum,Great Smoky Mountains National Park,43,Vascular Plant,Contracted Ricegrass,Species of Concern
sium suave,Great Smoky Mountains National Park,40,Vascular Plant,"Common Waterparsnip, Hemlock Waterparsnip, Hemlock Water-Parsnip",Species of Concern
chlidonias niger,Great Smoky Mountains National Park,46,Bird,Black Tern,Species of Concern
carex communis var. amplisquama,Great Smoky Mountains National Park,89,Vascular Plant,Dixie Sedge,Species of Concern
vermivora bachmanii,Great Smoky Mountains National Park,18,Bird,"Bachman's Warbler, Bachman's Wood Warbler",Endangered
nycticorax nycticorax,Great Smoky Mountains National Park,65,Bird,Black-Crowned Night-Heron,Species of Concern
nycticorax nycticorax,Great Smoky Mountains National Park,65,Bird,Black-Crowned Night Heron,Species of Concern
taxidea taxus,Great Smoky Mountains National Park,84,Mammal,"American Badger, Badger",Species of Concern
taxidea taxus,Great Smoky Mountains National Park,84,Mammal,Badger,Species of Concern
rana sierrae,Great Smoky Mountains National Park,11,Amphibian,Sierra Nevada Yellow-Legged Frog,Endangered
delphinium exaltatum,Great Smoky Mountains National Park,59,Vascular Plant,Tall Larkspur,Species of Concern
lanius ludovicianus,Great Smoky Mountains National Park,68,Bird,Loggerhead Shrike,Species of Concern
calcarius mccownii,Great Smoky Mountains National Park,51,Bird,Mccown's Longspur,Species of Concern
cardamine clematitis,Great Smoky Mountains National Park,26,Vascular Plant,"Mountain Watercress, Mountain Bitter Cress",Species of Concern
zizia trifoliata,Great Smoky Mountains National Park,80,Vascular Plant,"Meadow Alexanders, Three-Leaved Golden Alexanders",Species of Concern
circus cyaneus,Great Smoky Mountains National Park,54,Bird,Northern Harrier,Species of Concern
buckleya distichophylla,Great Smoky Mountains National Park,64,Vascular Plant,Piratebush,Species of Concern
sialia mexicana,Great Smoky Mountains National Park,61,Bird,Western Bluebird,Species of Concern
canis lupus,Great Smoky Mountains National Park,30,Mammal,Gray Wolf,Endangered
canis lupus,Great Smoky Mountains National Park,30,Mammal,"Gray Wolf, Wolf",In Recovery
canis lupus,Great Smoky Mountains National Park,30,Mammal,"Gray Wolf, Wolf",Endangered
myotis californicus,Great Smoky Mountains National Park,62,Mammal,"California Myotis, California Myotis, Californian Myotis",Species of Concern
myotis californicus,Great Smoky Mountains National Park,62,Mammal,California Myotis,Species of Concern
regina septemvittata,Great Smoky Mountains National Park,53,Reptile,Queen Snake,Species of Concern
lomatium congdonii,Great Smoky Mountains National Park,70,Vascular Plant,"Congdon's Lomatium, Mariposa Desertparsley",Species of Concern
sceloporus graciosus graciosus,Great Smoky Mountains National Park,80,Reptile,Northern Sagebrush Lizard,Species of Concern
botrychium ascendens,Great Smoky Mountains National Park,30,Vascular Plant,"Trianglelobe Moonwort, Upswept Moonwort",Species of Concern
piranga rubra,Great Smoky Mountains National Park,58,Bird,Summer Tanager,Species of Concern
euphorbia purpurea,Great Smoky Mountains National Park,67,Vascular Plant,Glade Spurge,Species of Concern
parnassia grandifolia,Great Smoky Mountains National Park,83,Vascular Plant,"Largeleaf Grass Of Parnassus, Large-Leaved Grass-Of-Parnassus",Species of Concern
sphyrapicus varius,Great Smoky Mountains National Park,34,Bird,Yellow-Bellied Sapsucker,Species of Concern
juglans cinerea,Great Smoky Mountains National Park,87,Vascular Plant,"Butternut, White Walnut",Species of Concern
stellula calliope,Great Smoky Mountains National Park,63,Bird,Calliope Hummingbird,Species of Concern
bassariscus astutus,Great Smoky Mountains National Park,76,Mammal,Ringtail,Species of Concern
monotropa uniflora,Great Smoky Mountains National Park,63,Vascular Plant,"Indian Pipe, Indian-Pipe",Species of Concern
ovis canadensis,Great Smoky Mountains National Park,48,Mammal,"Bighorn Sheep, Bighorn Sheep",Species of Concern
dichanthelium acuminatum var. acuminatum,Great Smoky Mountains National Park,62,Vascular Plant,Tapered Rosette Grass,Species of Concern
aplodontia rufa californica,Great Smoky Mountains National Park,57,Mammal,Sierra Nevada Mountain Beaver,Species of Concern
patagioenas fasciata,Great Smoky Mountains National Park,58,Bird,Band-Tailed Pigeon,Species of Concern
wilsonia pusilla,Great Smoky Mountains National Park,68,Bird,Wilson's Warbler,Species of Concern
asio flammeus,Great Smoky Mountains National Park,45,Bird,Short-Eared Owl,Species of Concern
haliaeetus leucocephalus,Great Smoky Mountains National Park,72,Bird,Bald Eagle,In Recovery
isotria medeoloides,Great Smoky Mountains National Park,36,Vascular Plant,Small Whorled Pogonia,Threatened
aechmophorus occidentalis,Great Smoky Mountains National Park,64,Bird,Western Grebe,Species of Concern
accipiter striatus,Great Smoky Mountains National Park,69,Bird,Sharp-Shinned Hawk,Species of Concern
tortula ammonsiana,Great Smoky Mountains National Park,43,Nonvascular Plant,Ammon's Screw-Moss,Species of Concern
glyceria nubigena,Great Smoky Mountains National Park,46,Vascular Plant,Smoky Mountain Mannagrass,Species of Concern
melospiza lincolnii,Great Smoky Mountains National Park,63,Bird,Lincoln's Sparrow,Species of Concern
zizia trifoliata,Yosemite National Park,135,Vascular Plant,"Meadow Alexanders, Three-Leaved Golden Alexanders",Species of Concern
dichanthelium acuminatum var. acuminatum,Yosemite National Park,123,Vascular Plant,Tapered Rosette Grass,Species of Concern
oncorhynchus mykiss,Yosemite National Park,118,Fish,Rainbow Trout,Threatened
rugelia nudicaulis,Yosemite National Park,120,Vascular Plant,Rugel's Ragwort,Species of Concern
pandion haliaetus,Yosemite National Park,134,Bird,Osprey,Species of Concern
pandion haliaetus,Yosemite National Park,134,Bird,"Osprey, Western Osprey",Species of Concern
iris missouriensis,Yosemite National Park,127,Vascular Plant,"Rocky Mountain Iris, Western Blue Flag, Wild Iris, Wildiris",Species of Concern
picoides borealis,Yosemite National Park,43,Bird,Red-Cockaded Woodpecker,Endangered
eriophyllum nubigenum,Yosemite National Park,118,Vascular Plant,Yosemite Woolly Sunflower,Species of Concern
limosa fedoa,Yosemite National Park,131,Bird,Marbled Godwit,Species of Concern
rana draytonii,Yosemite National Park,69,Amphibian,California Red-Legged Frog,Threatened
rana sierrae,Yosemite National Park,42,Amphibian,Sierra Nevada Yellow-Legged Frog,Endangered
myotis californicus,Yosemite National Park,148,Mammal,"California Myotis, California Myotis, Californian Myotis",Species of Concern
myotis californicus,Yosemite National Park,148,Mammal,California Myotis,Species of Concern
sceloporus graciosus graciosus,Yosemite National Park,137,Reptile,Northern Sagebrush Lizard,Species of Concern
pica nuttalli,Yosemite National Park,117,Bird,Yellow-Billed Magpie,Species of Concern
bartramia longicauda,Yosemite National Park,131,Bird,Upland Sandpiper,Species of Concern
canis lupus,Yosemite National Park,35,Mammal,Gray Wolf,Endangered
canis lupus,Yosemite National Park,35,Mammal,"Gray Wolf, Wolf",In Recovery
canis lupus,Yosemite National Park,35,Mammal,"Gray Wolf, Wolf",Endangered
rallus elegans,Yosemite National Park,140,Bird,King Rail,Species of Concern
wilsonia pusilla,Yosemite National Park,118,Bird,Wilson's Warbler,Species of Concern
gavia immer,Yosemite National Park,167,Bird,Common Loon,Species of Concern
gavia immer,Yosemite National Park,167,Bird,"Common Loon, Great Northern Diver, Great Northern Loon",Species of Concern
buteo lineatus,Yosemite National Park,109,Bird,Red-Shouldered Hawk,Species of Concern
regina septemvittata,Yosemite National Park,125,Reptile,Queen Snake,Species of Concern
falco mexicanus,Yosemite National Park,121,Bird,Prairie Falcon,Species of Concern
asio flammeus,Yosemite National Park,105,Bird,Short-Eared Owl,Species of Concern
empidonax traillii,Yosemite National Park,121,Bird,Willow Flycatcher,Species of Concern
saxifraga caroliniana,Yosemite National Park,99,Vascular Plant,Carolina Saxifrage,Species of Concern
tortula ammonsiana,Yosemite National Park,142,Nonvascular Plant,Ammon's Screw-Moss,Species of Concern
melospiza lincolnii,Yosemite National Park,164,Bird,Lincoln's Sparrow,Species of Concern
pituophis melanoleucus melanoleucus,Yosemite National Park,140,Reptile,Northern Pine Snake,Species of Concern
spizella breweri,Yosemite National Park,126,Bird,Brewer's Sparrow,Species of Concern
accipiter cooperii,Yosemite National Park,138,Bird,Cooper's Hawk,Species of Concern
trillium pusillum var. pusillum,Yosemite National Park,150,Vascular Plant,Dwarf Wakerobin,Species of Concern
pandion haliaetus,Yosemite National Park,148,Bird,Osprey,Species of Concern
pandion haliaetus,Yosemite National Park,148,Bird,"Osprey, Western Osprey",Species of Concern
carex communis var. amplisquama,Yosemite National Park,163,Vascular Plant,Dixie Sedge,Species of Concern
canis rufus,Yosemite National Park,34,Mammal,Red Wolf,Endangered
lepus americanus tahoensis,Yosemite National Park,117,Mammal,Sierra Nevada Snowshoe Hare,Species of Concern
pelecanus erythrorhynchos,Yosemite National Park,134,Bird,American White Pelican,Species of Concern
taxidea taxus,Yosemite National Park,133,Mammal,"American Badger, Badger",Species of Concern
taxidea taxus,Yosemite National Park,133,Mammal,Badger,Species of Concern
antrozous pallidus,Yosemite National Park,134,Mammal,"Pallid Bat, Pallid Bat",Species of Concern
erimonax monachus,Yosemite National Park,69,Fish,Spotfin Chub,Threatened
icteria virens,Yosemite National Park,114,Bird,Yellow-Breasted Chat,Species of Concern
abronia ammophila,Yosemite National Park,137,Vascular Plant,"Wyoming Sand Verbena, Yellowstone Sand Verbena",Species of Concern
myotis evotis,Yosemite National Park,151,Mammal,"Long-Eared Myotis, Long-Eared Myotis",Species of Concern
aechmophorus occidentalis,Yosemite National Park,132,Bird,Western Grebe,Species of Concern
coturnicops noveboracensis,Yosemite National Park,143,Bird,Yellow Rail,Species of Concern
delphinium exaltatum,Yosemite National Park,132,Vascular Plant,Tall Larkspur,Species of Concern
patagioenas fasciata,Yosemite National Park,133,Bird,Band-Tailed Pigeon,Species of Concern
mimulus filicaulis,Yosemite National Park,119,Vascular Plant,"Hetch Hetchy Monkey-Flower, Slenderstem Monkeyflower",Species of Concern
taxidea taxus,Yosemite National Park,122,Mammal,"American Badger, Badger",Species of Concern
taxidea taxus,Yosemite National Park,122,Mammal,Badger,Species of Concern
poa paludigena,Yosemite National Park,154,Vascular Plant,Bog Bluegrass,Species of Concern
certhia americana,Yosemite National Park,115,Bird,Brown Creeper,Species of Concern
allium tribracteatum,Yosemite National Park,135,Vascular Plant,Threebract Onion,Species of Concern
parthenium integrifolium,Yosemite National Park,137,Vascular Plant,"American Fever-Few, Wild Quinine",Species of Concern
falco peregrinus,Yosemite National Park,112,Bird,Peregrine Falcon,Species of Concern
lanius ludovicianus,Yosemite National Park,127,Bird,Loggerhead Shrike,Species of Concern
abies fraseri,Yosemite National Park,110,Vascular Plant,Fraser Fir,Species of Concern
bazzania nudicaulis,Yosemite National Park,134,Nonvascular Plant,Bazzania,Species of Concern
buckleya distichophylla,Yosemite National Park,135,Vascular Plant,Piratebush,Species of Concern
spiraea virginiana,Yosemite National Park,62,Vascular Plant,Virginia Spiraea,Threatened
achnatherum contractum,Yosemite National Park,165,Vascular Plant,Contracted Ricegrass,Species of Concern
aplodontia rufa californica,Yosemite National Park,151,Mammal,Sierra Nevada Mountain Beaver,Species of Concern
plegadis chihi,Yosemite National Park,150,Bird,White-Faced Ibis,Species of Concern
camissonia sierrae ssp. alticola,Yosemite National Park,169,Vascular Plant,"Mono Hot Springs Evening Primrose, Mono Hot Springs Evening-Primrose",Species of Concern
cryptobranchus alleganiensis alleganiensis,Yosemite National Park,111,Amphibian,Eastern Hellbender,Species of Concern
lomatium congdonii,Yosemite National Park,148,Vascular Plant,"Congdon's Lomatium, Mariposa Desertparsley",Species of Concern
monotropsis odorata,Yosemite National Park,104,Vascular Plant,"Sweet Pinesap, Sweet Pine-Sap",Species of Concern
accipiter striatus,Yosemite National Park,115,Bird,Sharp-Shinned Hawk,Species of Concern
asio otus,Yosemite National Park,151,Bird,Long-Eared Owl,Species of Concern
lasionycteris noctivagans,Yosemite National Park,108,Mammal,Silver-Haired Bat,Species of Concern
lasionycteris noctivagans,Yosemite National Park,108,Mammal,"Silver-Haired Bat, Silver-Haired Bat",Species of Concern
botrychium ascendens,Yosemite National Park,149,Vascular Plant,"Trianglelobe Moonwort, Upswept Moonwort",Species of Concern
piranga rubra,Yosemite National Park,141,Bird,Summer Tanager,Species of Concern
riparia riparia,Yosemite National Park,125,Bird,Bank Swallow,Species of Concern
riparia riparia,Yosemite National Park,125,Bird,"Bank Swallow, Sand Martin",Species of Concern
phalacrocorax auritus,Yosemite National Park,117,Bird,Double-Crested Cormorant,Species of Concern
myotis sodalis,Yosemite National Park,36,Mammal,"Indiana Bat, Indiana Or Social Myotis",Endangered
sialia mexicana,Yosemite National Park,122,Bird,Western Bluebird,Species of Concern
loxia curvirostra,Yosemite National Park,142,Bird,Red Crossbill,Species of Concern
geum radiatum,Yosemite National Park,47,Vascular Plant,"Mountain Avens, Spreading Avens",Endangered
hydromantes platycephalus,Yosemite National Park,162,Amphibian,Mount Lyell Salamander,Species of Concern
circus cyaneus,Yosemite National Park,153,Bird,Northern Harrier,Species of Concern
buteo lagopus,Yosemite National Park,139,Bird,Rough-Legged Hawk,Species of Concern
selasphorus rufus,Yosemite National Park,133,Bird,Rufous Hummingbird,Species of Concern
elanoides forficatus,Yosemite National Park,119,Bird,"American Swallow-Tailed Kite, Swallow-Tailed Kite",Species of Concern
juglans cinerea,Yosemite National Park,149,Vascular Plant,"Butternut, White Walnut",Species of Concern
cygnus buccinator,Yosemite National Park,131,Bird,Trumpeter Swan,Species of Concern
romneya coulteri,Yosemite National Park,125,Vascular Plant,Coulter's Matilija Poppy,Species of Concern
cardamine clematitis,Yosemite National Park,126,Vascular Plant,"Mountain Watercress, Mountain Bitter Cress",Species of Concern
bassariscus astutus,Yosemite National Park,134,Mammal,Ringtail,Species of Concern
silene ovata,Yosemite National Park,110,Vascular Plant,"Mountain Catchfly, Rough-Leaved Campion",Species of Concern
canis latrans,Yosemite National Park,99,Mammal,Coyote,Species of Concern
glaucomys sabrinus coloratus,Yosemite National Park,36,Mammal,"Carolina Northern Flying Squirrel, Northern Flying Squirrel",Endangered
contopus cooperi,Yosemite National Park,150,Bird,Olive-Sided Flycatcher,Species of Concern
phainopepla nitens,Yosemite National Park,143,Bird,Phainopepla,Species of Concern
noturus flavipinnis,Yosemite National Park,72,Fish,Yellowfin Madtom,Threatened
eptesicus fuscus,Yosemite National Park,130,Mammal,Big Brown Bat,Species of Concern
eptesicus fuscus,Yosemite National Park,130,Mammal,"Big Brown Bat, Big Brown Bat",Species of Concern
rana luteiventris,Yosemite National Park,156,Amphibian,Columbia Spotted Frog,Species of Concern
myotis lucifugus,Yosemite National Park,124,Mammal,"Little Brown Bat, Little Brown Myotis",Species of Concern
myotis lucifugus,Yosemite National Park,124,Mammal,"Little Brown Bat, Little Brown Myotis, Little Brown Myotis",Species of Concern
myotis lucifugus,Yosemite National Park,124,Mammal,Little Brown Myotis,Species of Concern
vaccinium hirsutum,Yosemite National Park,125,Vascular Plant,Hairy Blueberry,Species of Concern
cottus bairdii,Yosemite National Park,134,Fish,Mottled Sculpin,Species of Concern
myotis leibii,Yosemite National Park,132,Mammal,"Eastern Small-Footed Bat, Eastern Small-Footed Myotis",Species of Concern
nycticorax nycticorax,Yosemite National Park,125,Bird,Black-Crowned Night-Heron,Species of Concern
nycticorax nycticorax,Yosemite National Park,125,Bird,Black-Crowned Night Heron,Species of Concern
ovis canadensis sierrae,Yosemite National Park,39,Mammal,Sierra Nevada Bighorn Sheep,Endangered
plagiobothrys torreyi var. diffusus,Yosemite National Park,134,Vascular Plant,Torrey's Popcornflower,Species of Concern
myotis grisescens,Yosemite National Park,39,Mammal,Gray Myotis,Endangered
aythya affinis,Yosemite National Park,144,Bird,Lesser Scaup,Species of Concern
leptohymenium sharpii,Yosemite National Park,137,Nonvascular Plant,Sharp's Leptohymenium Moss,Species of Concern
sphyrapicus varius,Yosemite National Park,159,Bird,Yellow-Bellied Sapsucker,Species of Concern
sterna hirundo,Yosemite National Park,143,Bird,Common Tern,Species of Concern
monotropa uniflora,Yosemite National Park,129,Vascular Plant,"Indian Pipe, Indian-Pipe",Species of Concern
eptesicus fuscus,Yosemite National Park,124,Mammal,Big Brown Bat,Species of Concern
eptesicus fuscus,Yosemite National Park,124,Mammal,"Big Brown Bat, Big Brown Bat",Species of Concern
oreoscoptes montanus,Yosemite National Park,127,Bird,Sage Thrasher,Species of Concern
myotis thysanodes,Yosemite National Park,116,Mammal,"Fringed Myotis, Fringed Myotis",Species of Concern
botaurus lentiginosus,Yosemite National Park,120,Bird,American Bittern,Species of Concern
euderma maculatum,Yosemite National Park,111,Mammal,"Spotted Bat, Spotted Bat",Species of Concern
myotis lucifugus,Yosemite National Park,134,Mammal,"Little Brown Bat, Little Brown Myotis",Species of Concern
myotis lucifugus,Yosemite National Park,134,Mammal,"Little Brown Bat, Little Brown Myotis, Little Brown Myotis",Species of Concern
myotis lucifugus,Yosemite National Park,134,Mammal,Little Brown Myotis,Species of Concern
haliaeetus leucocephalus,Yosemite National Park,112,Bird,Bald Eagle,In Recovery
coccyzus erythropthalmus,Yosemite National Park,127,Bird,Black-Billed Cuckoo,Species of Concern
gymnogyps californianus,Yosemite National Park,47,Bird,California Condor,Endangered
vermivora bachmanii,Yosemite National Park,45,Bird,"Bachman's Warbler, Bachman's Wood Warbler",Endangered
tachycineta bicolor,Yosemite National Park,125,Bird,Tree Swallow,Species of Concern
picoides pubescens,Yosemite National Park,144,Bird,Downy Woodpecker,Species of Concern
myotis austroriparius,Yosemite National Park,116,Mammal,"Mississippi Myotis, Southeastern Myotis",Species of Concern
plagiomnium carolinianum,Yosemite National Park,135,Nonvascular Plant,Carolina Plagiomnium Moss,Species of Concern
lysimachia fraseri,Yosemite National Park,142,Vascular Plant,Fraser's Loosestrife,Species of Concern
lasiurus blossevillii,Yosemite National Park,123,Mammal,Western Red Bat,Species of Concern
myotis volans,Yosemite National Park,145,Mammal,"Long-Legged Myotis, Long-Legged Myotis",Species of Concern
sorex preblei,Yosemite National Park,140,Mammal,"Malheur Shrew, Preble's Shrew",Species of Concern
najas flexilis,Yosemite National Park,127,Vascular Plant,"Nodding Waternymph, Slender Naiad, Wavy Waternymph",Species of Concern
parnassia grandifolia,Yosemite National Park,133,Vascular Plant,"Largeleaf Grass Of Parnassus, Large-Leaved Grass-Of-Parnassus",Species of Concern
dryocopus pileatus,Yosemite National Park,111,Bird,Pileated Woodpecker,Species of Concern
ammodramus savannarum,Yosemite National Park,124,Bird,Grasshopper Sparrow,Species of Concern
oncorhynchus mykiss,Yosemite National Park,59,Fish,Rainbow Trout,Threatened
percina squamata,Yosemite National Park,149,Fish,Olive Darter,Species of Concern
chlidonias niger,Yosemite National Park,140,Bird,Black Tern,Species of Concern
cypseloides niger,Yosemite National Park,159,Bird,Black Swift,Species of Concern
gymnorhinus cyanocephalus,Yosemite National Park,109,Bird,Pinyon Jay,Species of Concern
euphorbia purpurea,Yosemite National Park,143,Vascular Plant,Glade Spurge,Species of Concern
falco peregrinus anatum,Yosemite National Park,152,Bird,American Peregrine Falcon,In Recovery
diadophis punctatus,Yosemite National Park,162,Reptile,"Ringneck Snake, Ring-Necked Snake",Species of Concern
anaxyrus canorus,Yosemite National Park,87,Amphibian,Yosemite Toad,Threatened
aimophila aestivalis,Yosemite National Park,146,Bird,Bachman's Sparrow,Species of Concern
myotis lucifugus,Yosemite National Park,138,Mammal,"Little Brown Bat, Little Brown Myotis",Species of Concern
myotis lucifugus,Yosemite National Park,138,Mammal,"Little Brown Bat, Little Brown Myotis, Little Brown Myotis",Species of Concern
myotis lucifugus,Yosemite National Park,138,Mammal,Little Brown Myotis,Species of Concern
elanus leucurus,Yosemite National Park,136,Bird,White-Tailed Kite,Species of Concern
ardea herodias,Yosemite National Park,161,Bird,Great Blue Heron,Species of Concern
trifolium bolanderi,Yosemite National Park,137,Vascular Plant,Parasol Clover,Species of Concern
noturus baileyi,Yosemite National Park,31,Fish,Smoky Madtom,Endangered
tofieldia glabra,Yosemite National Park,138,Vascular Plant,"Smooth Bog-Asphodel, Smooth Tofieldia",Species of Concern
sylvilagus bachmani,Yosemite National Park,147,Mammal,Brush Rabbit,Species of Concern
calcarius mccownii,Yosemite National Park,153,Bird,Mccown's Longspur,Species of Concern
hemitremia flammea,Yosemite National Park,149,Fish,Flame Chub,Species of Concern
guiraca caerulea,Yosemite National Park,144,Bird,Blue Grosbeak,Species of Concern
calamagrostis cainii,Yosemite National Park,146,Vascular Plant,"Cain's Reed-Bent Grass, Cain's Reed-Grass",Species of Concern
isotria medeoloides,Yosemite National Park,82,Vascular Plant,Small Whorled Pogonia,Threatened
lasionycteris noctivagans,Yosemite National Park,158,Mammal,Silver-Haired Bat,Species of Concern
lasionycteris noctivagans,Yosemite National Park,158,Mammal,"Silver-Haired Bat, Silver-Haired Bat",Species of Concern
cathartes aura,Yosemite National Park,115,Bird,Turkey Vulture,Species of Concern
pelecanus occidentalis,Yosemite National Park,122,Bird,Brown Pelican,In Recovery
epilobium oreganum,Yosemite National Park,121,Vascular Plant,"Grants Pass Willowherb, Oregon Fireweed",Species of Concern
riparia riparia,Yosemite National Park,145,Bird,Bank Swallow,Species of Concern
riparia riparia,Yosemite National Park,145,Bird,"Bank Swallow, Sand Martin",Species of Concern
thryomanes bewickii altus,Yosemite National Park,139,Bird,Appalachian Bewick's Wren,Species of Concern
pyrocephalus rubinus,Yosemite National Park,178,Bird,Vermilion Flycatcher,Species of Concern
larus atricilla,Yosemite National Park,141,Bird,Laughing Gull,Species of Concern
sphyrapicus thyroideus,Yosemite National Park,140,Bird,Williamson's Sapsucker,Species of Concern
ursus arctos horribilis,Yosemite National Park,73,Mammal,Grizzly Bear,Threatened
castilleja sulphurea,Yosemite National Park,132,Vascular Plant,Sulphur Indian Paintbrush,Species of Concern
chaetura vauxi,Yosemite National Park,111,Bird,Vaux's Swift,Species of Concern
oncorhynchus clarkii henshawi,Yosemite National Park,85,Fish,Lahontan Cutthroat Trout,Threatened
canis lupus,Yosemite National Park,117,Mammal,Gray Wolf,Endangered
canis lupus,Yosemite National Park,117,Mammal,"Gray Wolf, Wolf",In Recovery
canis lupus,Yosemite National Park,117,Mammal,"Gray Wolf, Wolf",Endangered
myotis septentrionalis,Yosemite National Park,73,Mammal,"Northern Long-Eared Bat, Northern Myotis",Threatened
mimulus patulus,Yosemite National Park,119,Vascular Plant,Stalk-Leaved Monkey-Flower,Species of Concern
pipilo chlorurus,Yosemite National Park,135,Bird,Green-Tailed Towhee,Species of Concern
lampropeltis getula californiae,Yosemite National Park,120,Reptile,California Kingsnake,Species of Concern
canis lupus,Yosemite National Park,44,Mammal,Gray Wolf,Endangered
canis lupus,Yosemite National Park,44,Mammal,"Gray Wolf, Wolf",In Recovery
canis lupus,Yosemite National Park,44,Mammal,"Gray Wolf, Wolf",Endangered
desmognathus wrighti,Yosemite National Park,127,Amphibian,Pigmy Salamander,Species of Concern
grus americana,Yosemite National Park,37,Bird,Whooping Crane,Endangered
callitriche marginata,Yosemite National Park,165,Vascular Plant,Winged Water-Starwort,Species of Concern
chasmistes liorus,Yosemite National Park,35,Fish,June Sucker,Endangered
lilium grayi,Yosemite National Park,130,Vascular Plant,Gray's Lily,Species of Concern
gavia immer,Yosemite National Park,152,Bird,Common Loon,Species of Concern
gavia immer,Yosemite National Park,152,Bird,"Common Loon, Great Northern Diver, Great Northern Loon",Species of Concern
ovis canadensis,Yosemite National Park,117,Mammal,"Bighorn Sheep, Bighorn Sheep",Species of Concern
etheostoma percnurum,Yosemite National Park,40,Fish,Duskytail Darter,Endangered
shortia galacifolia,Yosemite National Park,147,Vascular Plant,Oconee Bells,Species of Concern
vermivora ruficapilla,Yosemite National Park,108,Bird,Nashville Warbler,Species of Concern
glyceria nubigena,Yosemite National Park,133,Vascular Plant,Smoky Mountain Mannagrass,Species of Concern
nycticorax nycticorax,Yosemite National Park,144,Bird,Black-Crowned Night-Heron,Species of Concern
nycticorax nycticorax,Yosemite National Park,144,Bird,Black-Crowned Night Heron,Species of Concern
myotis keenii,Yosemite National Park,144,Mammal,Keen's Myotis,Species of Concern
myotis californicus,Yosemite National Park,133,Mammal,"California Myotis, California Myotis, Californian Myotis",Species of Concern
myotis californicus,Yosemite National Park,133,Mammal,California Myotis,Species of Concern
lophocolea appalachiana,Yosemite National Park,129,Nonvascular Plant,Appalachian Lophocolea,Species of Concern
falco columbarius,Yosemite National Park,122,Bird,Merlin,Species of Concern
progne subis,Yosemite National Park,110,Bird,Purple Martin,Species of Concern
stellula calliope,Yosemite National Park,127,Bird,Calliope Hummingbird,Species of Concern
myotis yumanensis,Yosemite National Park,169,Mammal,"Yuma Myotis, Yuma Myotis",Species of Concern
percina burtoni,Yosemite National Park,115,Fish,Blotchside Darter,Species of Concern
sium suave,Yosemite National Park,154,Vascular Plant,"Common Waterparsnip, Hemlock Waterparsnip, Hemlock Water-Parsnip",Species of Concern
aquila chrysaetos,Yosemite National Park,120,Bird,Golden Eagle,Species of Concern
riparia riparia,Yellowstone National Park,199,Bird,Bank Swallow,Species of Concern
riparia riparia,Yellowstone National Park,199,Bird,"Bank Swallow, Sand Martin",Species of Concern
hemitremia flammea,Yellowstone National Park,251,Fish,Flame Chub,Species of Concern
limosa fedoa,Yellowstone National Park,266,Bird,Marbled Godwit,Species of Concern
desmognathus wrighti,Yellowstone National Park,201,Amphibian,Pigmy Salamander,Species of Concern
lysimachia fraseri,Yellowstone National Park,238,Vascular Plant,Fraser's Loosestrife,Species of Concern
pituophis melanoleucus melanoleucus,Yellowstone National Park,191,Reptile,Northern Pine Snake,Species of Concern
aquila chrysaetos,Yellowstone National Park,183,Bird,Golden Eagle,Species of Concern
etheostoma percnurum,Yellowstone National Park,70,Fish,Duskytail Darter,Endangered
zizia trifoliata,Yellowstone National Park,238,Vascular Plant,"Meadow Alexanders, Three-Leaved Golden Alexanders",Species of Concern
tofieldia glabra,Yellowstone National Park,220,Vascular Plant,"Smooth Bog-Asphodel, Smooth Tofieldia",Species of Concern
aythya affinis,Yellowstone National Park,224,Bird,Lesser Scaup,Species of Concern
eptesicus fuscus,Yellowstone National Park,227,Mammal,Big Brown Bat,Species of Concern
eptesicus fuscus,Yellowstone National Park,227,Mammal,"Big Brown Bat, Big Brown Bat",Species of Concern
guiraca caerulea,Yellowstone National Park,228,Bird,Blue Grosbeak,Species of Concern
shortia galacifolia,Yellowstone National Park,214,Vascular Plant,Oconee Bells,Species of Concern
coturnicops noveboracensis,Yellowstone National Park,204,Bird,Yellow Rail,Species of Concern
parnassia grandifolia,Yellowstone National Park,211,Vascular Plant,"Largeleaf Grass Of Parnassus, Large-Leaved Grass-Of-Parnassus",Species of Concern
pandion haliaetus,Yellowstone National Park,223,Bird,Osprey,Species of Concern
pandion haliaetus,Yellowstone National Park,223,Bird,"Osprey, Western Osprey",Species of Concern
melospiza lincolnii,Yellowstone National Park,207,Bird,Lincoln's Sparrow,Species of Concern
plagiobothrys torreyi var. diffusus,Yellowstone National Park,210,Vascular Plant,Torrey's Popcornflower,Species of Concern
wilsonia pusilla,Yellowstone National Park,205,Bird,Wilson's Warbler,Species of Concern
glyceria nubigena,Yellowstone National Park,216,Vascular Plant,Smoky Mountain Mannagrass,Species of Concern
cygnus buccinator,Yellowstone National Park,213,Bird,Trumpeter Swan,Species of Concern
eriophyllum nubigenum,Yellowstone National Park,234,Vascular Plant,Yosemite Woolly Sunflower,Species of Concern
dichanthelium acuminatum var. acuminatum,Yellowstone National Park,225,Vascular Plant,Tapered Rosette Grass,Species of Concern
cathartes aura,Yellowstone National Park,237,Bird,Turkey Vulture,Species of Concern
selasphorus rufus,Yellowstone National Park,212,Bird,Rufous Hummingbird,Species of Concern
isotria medeoloides,Yellowstone National Park,114,Vascular Plant,Small Whorled Pogonia,Threatened
geum radiatum,Yellowstone National Park,63,Vascular Plant,"Mountain Avens, Spreading Avens",Endangered
antrozous pallidus,Yellowstone National Park,244,Mammal,"Pallid Bat, Pallid Bat",Species of Concern
achnatherum contractum,Yellowstone National Park,219,Vascular Plant,Contracted Ricegrass,Species of Concern
oncorhynchus mykiss,Yellowstone National Park,119,Fish,Rainbow Trout,Threatened
allium tribracteatum,Yellowstone National Park,230,Vascular Plant,Threebract Onion,Species of Concern
noturus baileyi,Yellowstone National Park,67,Fish,Smoky Madtom,Endangered
callitriche marginata,Yellowstone National Park,237,Vascular Plant,Winged Water-Starwort,Species of Concern
vermivora ruficapilla,Yellowstone National Park,229,Bird,Nashville Warbler,Species of Concern
icteria virens,Yellowstone National Park,193,Bird,Yellow-Breasted Chat,Species of Concern
najas flexilis,Yellowstone National Park,195,Vascular Plant,"Nodding Waternymph, Slender Naiad, Wavy Waternymph",Species of Concern
gavia immer,Yellowstone National Park,218,Bird,Common Loon,Species of Concern
gavia immer,Yellowstone National Park,218,Bird,"Common Loon, Great Northern Diver, Great Northern Loon",Species of Concern
rallus elegans,Yellowstone National Park,222,Bird,King Rail,Species of Concern
pandion haliaetus,Yellowstone National Park,243,Bird,Osprey,Species of Concern
pandion haliaetus,Yellowstone National Park,243,Bird,"Osprey, Western Osprey",Species of Concern
picoides pubescens,Yellowstone National Park,216,Bird,Downy Woodpecker,Species of Concern
accipiter cooperii,Yellowstone National Park,245,Bird,Cooper's Hawk,Species of Concern
falco peregrinus anatum,Yellowstone National Park,176,Bird,American Peregrine Falcon,In Recovery
falco peregrinus,Yellowstone National Park,232,Bird,Peregrine Falcon,Species of Concern
cryptobranchus alleganiensis alleganiensis,Yellowstone National Park,224,Amphibian,Eastern Hellbender,Species of Concern
tachycineta bicolor,Yellowstone National Park,190,Bird,Tree Swallow,Species of Concern
dryocopus pileatus,Yellowstone National Park,237,Bird,Pileated Woodpecker,Species of Concern
larus atricilla,Yellowstone National Park,233,Bird,Laughing Gull,Species of Concern
mimulus filicaulis,Yellowstone National Park,197,Vascular Plant,"Hetch Hetchy Monkey-Flower, Slenderstem Monkeyflower",Species of Concern
canis latrans,Yellowstone National Park,206,Mammal,Coyote,Species of Concern
ovis canadensis,Yellowstone National Park,219,Mammal,"Bighorn Sheep, Bighorn Sheep",Species of Concern
percina squamata,Yellowstone National Park,253,Fish,Olive Darter,Species of Concern
chasmistes liorus,Yellowstone National Park,65,Fish,June Sucker,Endangered
buteo lagopus,Yellowstone National Park,242,Bird,Rough-Legged Hawk,Species of Concern
aplodontia rufa californica,Yellowstone National Park,251,Mammal,Sierra Nevada Mountain Beaver,Species of Concern
cottus bairdii,Yellowstone National Park,246,Fish,Mottled Sculpin,Species of Concern
bassariscus astutus,Yellowstone National Park,214,Mammal,Ringtail,Species of Concern
ammodramus savannarum,Yellowstone National Park,241,Bird,Grasshopper Sparrow,Species of Concern
lasionycteris noctivagans,Yellowstone National Park,245,Mammal,Silver-Haired Bat,Species of Concern
lasionycteris noctivagans,Yellowstone National Park,245,Mammal,"Silver-Haired Bat, Silver-Haired Bat",Species of Concern
ovis canadensis sierrae,Yellowstone National Park,67,Mammal,Sierra Nevada Bighorn Sheep,Endangered
regina septemvittata,Yellowstone National Park,210,Reptile,Queen Snake,Species of Concern
myotis austroriparius,Yellowstone National Park,240,Mammal,"Mississippi Myotis, Southeastern Myotis",Species of Concern
myotis lucifugus,Yellowstone National Park,239,Mammal,"Little Brown Bat, Little Brown Myotis",Species of Concern
myotis lucifugus,Yellowstone National Park,239,Mammal,"Little Brown Bat, Little Brown Myotis, Little Brown Myotis",Species of Concern
myotis lucifugus,Yellowstone National Park,239,Mammal,Little Brown Myotis,Species of Concern
thryomanes bewickii altus,Yellowstone National Park,206,Bird,Appalachian Bewick's Wren,Species of Concern
falco mexicanus,Yellowstone National Park,200,Bird,Prairie Falcon,Species of Concern
myotis septentrionalis,Yellowstone National Park,143,Mammal,"Northern Long-Eared Bat, Northern Myotis",Threatened
myotis volans,Yellowstone National Park,238,Mammal,"Long-Legged Myotis, Long-Legged Myotis",Species of Concern
rana draytonii,Yellowstone National Park,141,Amphibian,California Red-Legged Frog,Threatened
myotis yumanensis,Yellowstone National Park,200,Mammal,"Yuma Myotis, Yuma Myotis",Species of Concern
sphyrapicus thyroideus,Yellowstone National Park,235,Bird,Williamson's Sapsucker,Species of Concern
myotis grisescens,Yellowstone National Park,68,Mammal,Gray Myotis,Endangered
ardea herodias,Yellowstone National Park,199,Bird,Great Blue Heron,Species of Concern
delphinium exaltatum,Yellowstone National Park,225,Vascular Plant,Tall Larkspur,Species of Concern
spizella breweri,Yellowstone National Park,221,Bird,Brewer's Sparrow,Species of Concern
oncorhynchus mykiss,Yellowstone National Park,253,Fish,Rainbow Trout,Threatened
piranga rubra,Yellowstone National Park,233,Bird,Summer Tanager,Species of Concern
lilium grayi,Yellowstone National Park,225,Vascular Plant,Gray's Lily,Species of Concern
juglans cinerea,Yellowstone National Park,205,Vascular Plant,"Butternut, White Walnut",Species of Concern
bartramia longicauda,Yellowstone National Park,238,Bird,Upland Sandpiper,Species of Concern
euderma maculatum,Yellowstone National Park,225,Mammal,"Spotted Bat, Spotted Bat",Species of Concern
carex communis var. amplisquama,Yellowstone National Park,224,Vascular Plant,Dixie Sedge,Species of Concern
loxia curvirostra,Yellowstone National Park,209,Bird,Red Crossbill,Species of Concern
sterna hirundo,Yellowstone National Park,225,Bird,Common Tern,Species of Concern
botaurus lentiginosus,Yellowstone National Park,225,Bird,American Bittern,Species of Concern
canis lupus,Yellowstone National Park,60,Mammal,Gray Wolf,Endangered
canis lupus,Yellowstone National Park,60,Mammal,"Gray Wolf, Wolf",In Recovery
canis lupus,Yellowstone National Park,60,Mammal,"Gray Wolf, Wolf",Endangered
gavia immer,Yellowstone National Park,190,Bird,Common Loon,Species of Concern
gavia immer,Yellowstone National Park,190,Bird,"Common Loon, Great Northern Diver, Great Northern Loon",Species of Concern
lasionycteris noctivagans,Yellowstone National Park,205,Mammal,Silver-Haired Bat,Species of Concern
lasionycteris noctivagans,Yellowstone National Park,205,Mammal,"Silver-Haired Bat, Silver-Haired Bat",Species of Concern
noturus flavipinnis,Yellowstone National Park,126,Fish,Yellowfin Madtom,Threatened
grus americana,Yellowstone National Park,57,Bird,Whooping Crane,Endangered
canis lupus,Yellowstone National Park,67,Mammal,Gray Wolf,Endangered
canis lupus,Yellowstone National Park,67,Mammal,"Gray Wolf, Wolf",In Recovery
canis lupus,Yellowstone National Park,67,Mammal,"Gray Wolf, Wolf",Endangered
haliaeetus leucocephalus,Yellowstone National Park,187,Bird,Bald Eagle,In Recovery
calcarius mccownii,Yellowstone National Park,204,Bird,Mccown's Longspur,Species of Concern
calamagrostis cainii,Yellowstone National Park,260,Vascular Plant,"Cain's Reed-Bent Grass, Cain's Reed-Grass",Species of Concern
abies fraseri,Yellowstone National Park,218,Vascular Plant,Fraser Fir,Species of Concern
accipiter striatus,Yellowstone National Park,200,Bird,Sharp-Shinned Hawk,Species of Concern
euphorbia purpurea,Yellowstone National Park,213,Vascular Plant,Glade Spurge,Species of Concern
silene ovata,Yellowstone National Park,211,Vascular Plant,"Mountain Catchfly, Rough-Leaved Campion",Species of Concern
taxidea taxus,Yellowstone National Park,261,Mammal,"American Badger, Badger",Species of Concern
taxidea taxus,Yellowstone National Park,261,Mammal,Badger,Species of Concern
cypseloides niger,Yellowstone National Park,194,Bird,Black Swift,Species of Concern
myotis californicus,Yellowstone National Park,232,Mammal,"California Myotis, California Myotis, Californian Myotis",Species of Concern
myotis californicus,Yellowstone National Park,232,Mammal,California Myotis,Species of Concern
rana sierrae,Yellowstone National Park,60,Amphibian,Sierra Nevada Yellow-Legged Frog,Endangered
myotis californicus,Yellowstone National Park,198,Mammal,"California Myotis, California Myotis, Californian Myotis",Species of Concern
myotis californicus,Yellowstone National Park,198,Mammal,California Myotis,Species of Concern
chaetura vauxi,Yellowstone National Park,233,Bird,Vaux's Swift,Species of Concern
nycticorax nycticorax,Yellowstone National Park,233,Bird,Black-Crowned Night-Heron,Species of Concern
nycticorax nycticorax,Yellowstone National Park,233,Bird,Black-Crowned Night Heron,Species of Concern
asio flammeus,Yellowstone National Park,225,Bird,Short-Eared Owl,Species of Concern
myotis lucifugus,Yellowstone National Park,233,Mammal,"Little Brown Bat, Little Brown Myotis",Species of Concern
myotis lucifugus,Yellowstone National Park,233,Mammal,"Little Brown Bat, Little Brown Myotis, Little Brown Myotis",Species of Concern
myotis lucifugus,Yellowstone National Park,233,Mammal,Little Brown Myotis,Species of Concern
buckleya distichophylla,Yellowstone National Park,212,Vascular Plant,Piratebush,Species of Concern
gymnorhinus cyanocephalus,Yellowstone National Park,244,Bird,Pinyon Jay,Species of Concern
myotis thysanodes,Yellowstone National Park,215,Mammal,"Fringed Myotis, Fringed Myotis",Species of Concern
bazzania nudicaulis,Yellowstone National Park,268,Nonvascular Plant,Bazzania,Species of Concern
phainopepla nitens,Yellowstone National Park,230,Bird,Phainopepla,Species of Concern
myotis evotis,Yellowstone National Park,245,Mammal,"Long-Eared Myotis, Long-Eared Myotis",Species of Concern
certhia americana,Yellowstone National Park,189,Bird,Brown Creeper,Species of Concern
camissonia sierrae ssp. alticola,Yellowstone National Park,201,Vascular Plant,"Mono Hot Springs Evening Primrose, Mono Hot Springs Evening-Primrose",Species of Concern
asio otus,Yellowstone National Park,253,Bird,Long-Eared Owl,Species of Concern
chlidonias niger,Yellowstone National Park,218,Bird,Black Tern,Species of Concern
sylvilagus bachmani,Yellowstone National Park,227,Mammal,Brush Rabbit,Species of Concern
canis lupus,Yellowstone National Park,203,Mammal,Gray Wolf,Endangered
canis lupus,Yellowstone National Park,203,Mammal,"Gray Wolf, Wolf",In Recovery
canis lupus,Yellowstone National Park,203,Mammal,"Gray Wolf, Wolf",Endangered
circus cyaneus,Yellowstone National Park,201,Bird,Northern Harrier,Species of Concern
rana luteiventris,Yellowstone National Park,238,Amphibian,Columbia Spotted Frog,Species of Concern
plagiomnium carolinianum,Yellowstone National Park,234,Nonvascular Plant,Carolina Plagiomnium Moss,Species of Concern
elanus leucurus,Yellowstone National Park,214,Bird,White-Tailed Kite,Species of Concern
riparia riparia,Yellowstone National Park,226,Bird,Bank Swallow,Species of Concern
riparia riparia,Yellowstone National Park,226,Bird,"Bank Swallow, Sand Martin",Species of Concern
hydromantes platycephalus,Yellowstone National Park,189,Amphibian,Mount Lyell Salamander,Species of Concern
epilobium oreganum,Yellowstone National Park,212,Vascular Plant,"Grants Pass Willowherb, Oregon Fireweed",Species of Concern
lomatium congdonii,Yellowstone National Park,217,Vascular Plant,"Congdon's Lomatium, Mariposa Desertparsley",Species of Concern
progne subis,Yellowstone National Park,243,Bird,Purple Martin,Species of Concern
aechmophorus occidentalis,Yellowstone National Park,233,Bird,Western Grebe,Species of Concern
percina burtoni,Yellowstone National Park,205,Fish,Blotchside Darter,Species of Concern
eptesicus fuscus,Yellowstone National Park,236,Mammal,Big Brown Bat,Species of Concern
eptesicus fuscus,Yellowstone National Park,236,Mammal,"Big Brown Bat, Big Brown Bat",Species of Concern
lampropeltis getula californiae,Yellowstone National Park,214,Reptile,California Kingsnake,Species of Concern
lanius ludovicianus,Yellowstone National Park,217,Bird,Loggerhead Shrike,Species of Concern
castilleja sulphurea,Yellowstone National Park,253,Vascular Plant,Sulphur Indian Paintbrush,Species of Concern
canis rufus,Yellowstone National Park,60,Mammal,Red Wolf,Endangered
mimulus patulus,Yellowstone National Park,236,Vascular Plant,Stalk-Leaved Monkey-Flower,Species of Concern
myotis sodalis,Yellowstone National Park,68,Mammal,"Indiana Bat, Indiana Or Social Myotis",Endangered
monotropa uniflora,Yellowstone National Park,181,Vascular Plant,"Indian Pipe, Indian-Pipe",Species of Concern
erimonax monachus,Yellowstone National Park,109,Fish,Spotfin Chub,Threatened
myotis lucifugus,Yellowstone National Park,207,Mammal,"Little Brown Bat, Little Brown Myotis",Species of Concern
myotis lucifugus,Yellowstone National Park,207,Mammal,"Little Brown Bat, Little Brown Myotis, Little Brown Myotis",Species of Concern
myotis lucifugus,Yellowstone National Park,207,Mammal,Little Brown Myotis,Species of Concern
iris missouriensis,Yellowstone National Park,189,Vascular Plant,"Rocky Mountain Iris, Western Blue Flag, Wild Iris, Wildiris",Species of Concern
vaccinium hirsutum,Yellowstone National Park,213,Vascular Plant,Hairy Blueberry,Species of Concern
spiraea virginiana,Yellowstone National Park,114,Vascular Plant,Virginia Spiraea,Threatened
empidonax traillii,Yellowstone National Park,229,Bird,Willow Flycatcher,Species of Concern
trillium pusillum var. pusillum,Yellowstone National Park,228,Vascular Plant,Dwarf Wakerobin,Species of Concern
phalacrocorax auritus,Yellowstone National Park,218,Bird,Double-Crested Cormorant,Species of Concern
vermivora bachmanii,Yellowstone National Park,58,Bird,"Bachman's Warbler, Bachman's Wood Warbler",Endangered
oncorhynchus clarkii henshawi,Yellowstone National Park,111,Fish,Lahontan Cutthroat Trout,Threatened
myotis keenii,Yellowstone National Park,227,Mammal,Keen's Myotis,Species of Concern
botrychium ascendens,Yellowstone National Park,196,Vascular Plant,"Trianglelobe Moonwort, Upswept Moonwort",Species of Concern
rugelia nudicaulis,Yellowstone National Park,186,Vascular Plant,Rugel's Ragwort,Species of Concern
lophocolea appalachiana,Yellowstone National Park,222,Nonvascular Plant,Appalachian Lophocolea,Species of Concern
sialia mexicana,Yellowstone National Park,252,Bird,Western Bluebird,Species of Concern
trifolium bolanderi,Yellowstone National Park,246,Vascular Plant,Parasol Clover,Species of Concern
romneya coulteri,Yellowstone National Park,215,Vascular Plant,Coulter's Matilija Poppy,Species of Concern
diadophis punctatus,Yellowstone National Park,245,Reptile,"Ringneck Snake, Ring-Necked Snake",Species of Concern
aimophila aestivalis,Yellowstone National Park,228,Bird,Bachman's Sparrow,Species of Concern
saxifraga caroliniana,Yellowstone National Park,230,Vascular Plant,Carolina Saxifrage,Species of Concern
nycticorax nycticorax,Yellowstone National Park,206,Bird,Black-Crowned Night-Heron,Species of Concern
nycticorax nycticorax,Yellowstone National Park,206,Bird,Black-Crowned Night Heron,Species of Concern
patagioenas fasciata,Yellowstone National Park,232,Bird,Band-Tailed Pigeon,Species of Concern
tortula ammonsiana,Yellowstone National Park,228,Nonvascular Plant,Ammon's Screw-Moss,Species of Concern
lepus americanus tahoensis,Yellowstone National Park,233,Mammal,Sierra Nevada Snowshoe Hare,Species of Concern
picoides borealis,Yellowstone National Park,64,Bird,Red-Cockaded Woodpecker,Endangered
buteo lineatus,Yellowstone National Park,224,Bird,Red-Shouldered Hawk,Species of Concern
lasiurus blossevillii,Yellowstone National Park,221,Mammal,Western Red Bat,Species of Concern
sphyrapicus varius,Yellowstone National Park,208,Bird,Yellow-Bellied Sapsucker,Species of Concern
oreoscoptes montanus,Yellowstone National Park,202,Bird,Sage Thrasher,Species of Concern
ursus arctos horribilis,Yellowstone National Park,115,Mammal,Grizzly Bear,Threatened
pipilo chlorurus,Yellowstone National Park,218,Bird,Green-Tailed Towhee,Species of Concern
leptohymenium sharpii,Yellowstone National Park,217,Nonvascular Plant,Sharp's Leptohymenium Moss,Species of Concern
taxidea taxus,Yellowstone National Park,188,Mammal,"American Badger, Badger",Species of Concern
taxidea taxus,Yellowstone National Park,188,Mammal,Badger,Species of Concern
falco columbarius,Yellowstone National Park,258,Bird,Merlin,Species of Concern
glaucomys sabrinus coloratus,Yellowstone National Park,67,Mammal,"Carolina Northern Flying Squirrel, Northern Flying Squirrel",Endangered
sium suave,Yellowstone National Park,211,Vascular Plant,"Common Waterparsnip, Hemlock Waterparsnip, Hemlock Water-Parsnip",Species of Concern
cardamine clematitis,Yellowstone National Park,193,Vascular Plant,"Mountain Watercress, Mountain Bitter Cress",Species of Concern
anaxyrus canorus,Yellowstone National Park,114,Amphibian,Yosemite Toad,Threatened
pelecanus occidentalis,Yellowstone National Park,196,Bird,Brown Pelican,In Recovery
stellula calliope,Yellowstone National Park,224,Bird,Calliope Hummingbird,Species of Concern
pyrocephalus rubinus,Yellowstone National Park,207,Bird,Vermilion Flycatcher,Species of Concern
abronia ammophila,Yellowstone National Park,222,Vascular Plant,"Wyoming Sand Verbena, Yellowstone Sand Verbena",Species of Concern
contopus cooperi,Yellowstone National Park,243,Bird,Olive-Sided Flycatcher,Species of Concern
coccyzus erythropthalmus,Yellowstone National Park,220,Bird,Black-Billed Cuckoo,Species of Concern
plegadis chihi,Yellowstone National Park,255,Bird,White-Faced Ibis,Species of Concern
parthenium integrifolium,Yellowstone National Park,252,Vascular Plant,"American Fever-Few, Wild Quinine",Species of Concern
poa paludigena,Yellowstone National Park,249,Vascular Plant,Bog Bluegrass,Species of Concern
sceloporus graciosus graciosus,Yellowstone National Park,240,Reptile,Northern Sagebrush Lizard,Species of Concern
monotropsis odorata,Yellowstone National Park,218,Vascular Plant,"Sweet Pinesap, Sweet Pine-Sap",Species of Concern
pelecanus erythrorhynchos,Yellowstone National Park,246,Bird,American White Pelican,Species of Concern
elanoides forficatus,Yellowstone National Park,229,Bird,"American Swallow-Tailed Kite, Swallow-Tailed Kite",Species of Concern
gymnogyps californianus,Yellowstone National Park,64,Bird,California Condor,Endangered
pica nuttalli,Yellowstone National Park,207,Bird,Yellow-Billed Magpie,Species of Concern
myotis leibii,Yellowstone National Park,233,Mammal,"Eastern Small-Footed Bat, Eastern Small-Footed Myotis",Species of Concern
sorex preblei,Yellowstone National Park,193,Mammal,"Malheur Shrew, Preble's Shrew",Species of Concern
camissonia sierrae ssp. alticola,Bryce National Park,84,Vascular Plant,"Mono Hot Springs Evening Primrose, Mono Hot Springs Evening-Primrose",Species of Concern
accipiter cooperii,Bryce National Park,95,Bird,Cooper's Hawk,Species of Concern
lasiurus blossevillii,Bryce National Park,113,Mammal,Western Red Bat,Species of Concern
contopus cooperi,Bryce National Park,130,Bird,Olive-Sided Flycatcher,Species of Concern
epilobium oreganum,Bryce National Park,60,Vascular Plant,"Grants Pass Willowherb, Oregon Fireweed",Species of Concern
riparia riparia,Bryce National Park,88,Bird,Bank Swallow,Species of Concern
riparia riparia,Bryce National Park,88,Bird,"Bank Swallow, Sand Martin",Species of Concern
oncorhynchus mykiss,Bryce National Park,59,Fish,Rainbow Trout,Threatened
canis rufus,Bryce National Park,30,Mammal,Red Wolf,Endangered
nycticorax nycticorax,Bryce National Park,106,Bird,Black-Crowned Night-Heron,Species of Concern
nycticorax nycticorax,Bryce National Park,106,Bird,Black-Crowned Night Heron,Species of Concern
lampropeltis getula californiae,Bryce National Park,77,Reptile,California Kingsnake,Species of Concern
asio otus,Bryce National Park,94,Bird,Long-Eared Owl,Species of Concern
riparia riparia,Bryce National Park,91,Bird,Bank Swallow,Species of Concern
riparia riparia,Bryce National Park,91,Bird,"Bank Swallow, Sand Martin",Species of Concern
patagioenas fasciata,Bryce National Park,97,Bird,Band-Tailed Pigeon,Species of Concern
romneya coulteri,Bryce National Park,101,Vascular Plant,Coulter's Matilija Poppy,Species of Concern
taxidea taxus,Bryce National Park,94,Mammal,"American Badger, Badger",Species of Concern
taxidea taxus,Bryce National Park,94,Mammal,Badger,Species of Concern
canis lupus,Bryce National Park,27,Mammal,Gray Wolf,Endangered
canis lupus,Bryce National Park,27,Mammal,"Gray Wolf, Wolf",In Recovery
canis lupus,Bryce National Park,27,Mammal,"Gray Wolf, Wolf",Endangered
falco peregrinus anatum,Bryce National Park,72,Bird,American Peregrine Falcon,In Recovery
abies fraseri,Bryce National Park,109,Vascular Plant,Fraser Fir,Species of Concern
mimulus patulus,Bryce National Park,100,Vascular Plant,Stalk-Leaved Monkey-Flower,Species of Concern
mimulus filicaulis,Bryce National Park,87,Vascular Plant,"Hetch Hetchy Monkey-Flower, Slenderstem Monkeyflower",Species of Concern
vaccinium hirsutum,Bryce National Park,90,Vascular Plant,Hairy Blueberry,Species of Concern
pelecanus erythrorhynchos,Bryce National Park,96,Bird,American White Pelican,Species of Concern
pandion haliaetus,Bryce National Park,72,Bird,Osprey,Species of Concern
pandion haliaetus,Bryce National Park,72,Bird,"Osprey, Western Osprey",Species of Concern
juglans cinerea,Bryce National Park,108,Vascular Plant,"Butternut, White Walnut",Species of Concern
delphinium exaltatum,Bryce National Park,107,Vascular Plant,Tall Larkspur,Species of Concern
calamagrostis cainii,Bryce National Park,126,Vascular Plant,"Cain's Reed-Bent Grass, Cain's Reed-Grass",Species of Concern
myotis grisescens,Bryce National Park,27,Mammal,Gray Myotis,Endangered
falco peregrinus,Bryce National Park,100,Bird,Peregrine Falcon,Species of Concern
eptesicus fuscus,Bryce National Park,112,Mammal,Big Brown Bat,Species of Concern
eptesicus fuscus,Bryce National Park,112,Mammal,"Big Brown Bat, Big Brown Bat",Species of Concern
plegadis chihi,Bryce National Park,103,Bird,White-Faced Ibis,Species of Concern
hemitremia flammea,Bryce National Park,85,Fish,Flame Chub,Species of Concern
sceloporus graciosus graciosus,Bryce National Park,81,Reptile,Northern Sagebrush Lizard,Species of Concern
sphyrapicus varius,Bryce National Park,105,Bird,Yellow-Bellied Sapsucker,Species of Concern
rugelia nudicaulis,Bryce National Park,93,Vascular Plant,Rugel's Ragwort,Species of Concern
sylvilagus bachmani,Bryce National Park,118,Mammal,Brush Rabbit,Species of Concern
haliaeetus leucocephalus,Bryce National Park,94,Bird,Bald Eagle,In Recovery
nycticorax nycticorax,Bryce National Park,75,Bird,Black-Crowned Night-Heron,Species of Concern
nycticorax nycticorax,Bryce National Park,75,Bird,Black-Crowned Night Heron,Species of Concern
asio flammeus,Bryce National Park,82,Bird,Short-Eared Owl,Species of Concern
chasmistes liorus,Bryce National Park,23,Fish,June Sucker,Endangered
myotis californicus,Bryce National Park,97,Mammal,"California Myotis, California Myotis, Californian Myotis",Species of Concern
myotis californicus,Bryce National Park,97,Mammal,California Myotis,Species of Concern
sialia mexicana,Bryce National Park,94,Bird,Western Bluebird,Species of Concern
monotropsis odorata,Bryce National Park,75,Vascular Plant,"Sweet Pinesap, Sweet Pine-Sap",Species of Concern
ardea herodias,Bryce National Park,100,Bird,Great Blue Heron,Species of Concern
buckleya distichophylla,Bryce National Park,63,Vascular Plant,Piratebush,Species of Concern
aimophila aestivalis,Bryce National Park,94,Bird,Bachman's Sparrow,Species of Concern
bassariscus astutus,Bryce National Park,96,Mammal,Ringtail,Species of Concern
isotria medeoloides,Bryce National Park,42,Vascular Plant,Small Whorled Pogonia,Threatened
myotis thysanodes,Bryce National Park,109,Mammal,"Fringed Myotis, Fringed Myotis",Species of Concern
rana draytonii,Bryce National Park,37,Amphibian,California Red-Legged Frog,Threatened
percina squamata,Bryce National Park,97,Fish,Olive Darter,Species of Concern
pyrocephalus rubinus,Bryce National Park,100,Bird,Vermilion Flycatcher,Species of Concern
dichanthelium acuminatum var. acuminatum,Bryce National Park,87,Vascular Plant,Tapered Rosette Grass,Species of Concern
certhia americana,Bryce National Park,79,Bird,Brown Creeper,Species of Concern
myotis keenii,Bryce National Park,86,Mammal,Keen's Myotis,Species of Concern
eriophyllum nubigenum,Bryce National Park,133,Vascular Plant,Yosemite Woolly Sunflower,Species of Concern
silene ovata,Bryce National Park,100,Vascular Plant,"Mountain Catchfly, Rough-Leaved Campion",Species of Concern
poa paludigena,Bryce National Park,61,Vascular Plant,Bog Bluegrass,Species of Concern
pipilo chlorurus,Bryce National Park,67,Bird,Green-Tailed Towhee,Species of Concern
plagiomnium carolinianum,Bryce National Park,49,Nonvascular Plant,Carolina Plagiomnium Moss,Species of Concern
canis latrans,Bryce National Park,85,Mammal,Coyote,Species of Concern
myotis volans,Bryce National Park,91,Mammal,"Long-Legged Myotis, Long-Legged Myotis",Species of Concern
coccyzus erythropthalmus,Bryce National Park,74,Bird,Black-Billed Cuckoo,Species of Concern
diadophis punctatus,Bryce National Park,76,Reptile,"Ringneck Snake, Ring-Necked Snake",Species of Concern
vermivora bachmanii,Bryce National Park,20,Bird,"Bachman's Warbler, Bachman's Wood Warbler",Endangered
buteo lagopus,Bryce National Park,97,Bird,Rough-Legged Hawk,Species of Concern
castilleja sulphurea,Bryce National Park,89,Vascular Plant,Sulphur Indian Paintbrush,Species of Concern
noturus baileyi,Bryce National Park,22,Fish,Smoky Madtom,Endangered
ovis canadensis,Bryce National Park,109,Mammal,"Bighorn Sheep, Bighorn Sheep",Species of Concern
botrychium ascendens,Bryce National Park,102,Vascular Plant,"Trianglelobe Moonwort, Upswept Moonwort",Species of Concern
pandion haliaetus,Bryce National Park,82,Bird,Osprey,Species of Concern
pandion haliaetus,Bryce National Park,82,Bird,"Osprey, Western Osprey",Species of Concern
thryomanes bewickii altus,Bryce National Park,106,Bird,Appalachian Bewick's Wren,Species of Concern
guiraca caerulea,Bryce National Park,65,Bird,Blue Grosbeak,Species of Concern
calcarius mccownii,Bryce National Park,108,Bird,Mccown's Longspur,Species of Concern
canis lupus,Bryce National Park,29,Mammal,Gray Wolf,Endangered
canis lupus,Bryce National Park,29,Mammal,"Gray Wolf, Wolf",In Recovery
canis lupus,Bryce National Park,29,Mammal,"Gray Wolf, Wolf",Endangered
aechmophorus occidentalis,Bryce National Park,80,Bird,Western Grebe,Species of Concern
gymnogyps californianus,Bryce National Park,30,Bird,California Condor,Endangered
glaucomys sabrinus coloratus,Bryce National Park,29,Mammal,"Carolina Northern Flying Squirrel, Northern Flying Squirrel",Endangered
cryptobranchus alleganiensis alleganiensis,Bryce National Park,95,Amphibian,Eastern Hellbender,Species of Concern
cygnus buccinator,Bryce National Park,103,Bird,Trumpeter Swan,Species of Concern
piranga rubra,Bryce National Park,51,Bird,Summer Tanager,Species of Concern
ursus arctos horribilis,Bryce National Park,38,Mammal,Grizzly Bear,Threatened
euphorbia purpurea,Bryce National Park,88,Vascular Plant,Glade Spurge,Species of Concern
callitriche marginata,Bryce National Park,84,Vascular Plant,Winged Water-Starwort,Species of Concern
desmognathus wrighti,Bryce National Park,95,Amphibian,Pigmy Salamander,Species of Concern
stellula calliope,Bryce National Park,104,Bird,Calliope Hummingbird,Species of Concern
myotis lucifugus,Bryce National Park,103,Mammal,"Little Brown Bat, Little Brown Myotis",Species of Concern
myotis lucifugus,Bryce National Park,103,Mammal,"Little Brown Bat, Little Brown Myotis, Little Brown Myotis",Species of Concern
myotis lucifugus,Bryce National Park,103,Mammal,Little Brown Myotis,Species of Concern
coturnicops noveboracensis,Bryce National Park,87,Bird,Yellow Rail,Species of Concern
wilsonia pusilla,Bryce National Park,108,Bird,Wilson's Warbler,Species of Concern
tortula ammonsiana,Bryce National Park,98,Nonvascular Plant,Ammon's Screw-Moss,Species of Concern
myotis austroriparius,Bryce National Park,152,Mammal,"Mississippi Myotis, Southeastern Myotis",Species of Concern
spizella breweri,Bryce National Park,105,Bird,Brewer's Sparrow,Species of Concern
cottus bairdii,Bryce National Park,56,Fish,Mottled Sculpin,Species of Concern
canis lupus,Bryce National Park,74,Mammal,Gray Wolf,Endangered
canis lupus,Bryce National Park,74,Mammal,"Gray Wolf, Wolf",In Recovery
canis lupus,Bryce National Park,74,Mammal,"Gray Wolf, Wolf",Endangered
euderma maculatum,Bryce National Park,74,Mammal,"Spotted Bat, Spotted Bat",Species of Concern
sphyrapicus thyroideus,Bryce National Park,128,Bird,Williamson's Sapsucker,Species of Concern
pelecanus occidentalis,Bryce National Park,92,Bird,Brown Pelican,In Recovery
sterna hirundo,Bryce National Park,109,Bird,Common Tern,Species of Concern
erimonax monachus,Bryce National Park,46,Fish,Spotfin Chub,Threatened
myotis sodalis,Bryce National Park,27,Mammal,"Indiana Bat, Indiana Or Social Myotis",Endangered
loxia curvirostra,Bryce National Park,101,Bird,Red Crossbill,Species of Concern
myotis leibii,Bryce National Park,84,Mammal,"Eastern Small-Footed Bat, Eastern Small-Footed Myotis",Species of Concern
zizia trifoliata,Bryce National Park,87,Vascular Plant,"Meadow Alexanders, Three-Leaved Golden Alexanders",Species of Concern
najas flexilis,Bryce National Park,109,Vascular Plant,"Nodding Waternymph, Slender Naiad, Wavy Waternymph",Species of Concern
myotis lucifugus,Bryce National Park,108,Mammal,"Little Brown Bat, Little Brown Myotis",Species of Concern
myotis lucifugus,Bryce National Park,108,Mammal,"Little Brown Bat, Little Brown Myotis, Little Brown Myotis",Species of Concern
myotis lucifugus,Bryce National Park,108,Mammal,Little Brown Myotis,Species of Concern
ammodramus savannarum,Bryce National Park,97,Bird,Grasshopper Sparrow,Species of Concern
taxidea taxus,Bryce National Park,65,Mammal,"American Badger, Badger",Species of Concern
taxidea taxus,Bryce National Park,65,Mammal,Badger,Species of Concern
leptohymenium sharpii,Bryce National Park,123,Nonvascular Plant,Sharp's Leptohymenium Moss,Species of Concern
oncorhynchus mykiss,Bryce National Park,105,Fish,Rainbow Trout,Threatened
phalacrocorax auritus,Bryce National Park,61,Bird,Double-Crested Cormorant,Species of Concern
tofieldia glabra,Bryce National Park,70,Vascular Plant,"Smooth Bog-Asphodel, Smooth Tofieldia",Species of Concern
gavia immer,Bryce National Park,87,Bird,Common Loon,Species of Concern
gavia immer,Bryce National Park,87,Bird,"Common Loon, Great Northern Diver, Great Northern Loon",Species of Concern
saxifraga caroliniana,Bryce National Park,96,Vascular Plant,Carolina Saxifrage,Species of Concern
cypseloides niger,Bryce National Park,103,Bird,Black Swift,Species of Concern
lepus americanus tahoensis,Bryce National Park,75,Mammal,Sierra Nevada Snowshoe Hare,Species of Concern
lomatium congdonii,Bryce National Park,92,Vascular Plant,"Congdon's Lomatium, Mariposa Desertparsley",Species of Concern
myotis californicus,Bryce National Park,140,Mammal,"California Myotis, California Myotis, Californian Myotis",Species of Concern
myotis californicus,Bryce National Park,140,Mammal,California Myotis,Species of Concern
myotis evotis,Bryce National Park,82,Mammal,"Long-Eared Myotis, Long-Eared Myotis",Species of Concern
pituophis melanoleucus melanoleucus,Bryce National Park,66,Reptile,Northern Pine Snake,Species of Concern
shortia galacifolia,Bryce National Park,111,Vascular Plant,Oconee Bells,Species of Concern
circus cyaneus,Bryce National Park,76,Bird,Northern Harrier,Species of Concern
oncorhynchus clarkii henshawi,Bryce National Park,57,Fish,Lahontan Cutthroat Trout,Threatened
achnatherum contractum,Bryce National Park,122,Vascular Plant,Contracted Ricegrass,Species of Concern
vermivora ruficapilla,Bryce National Park,67,Bird,Nashville Warbler,Species of Concern
aplodontia rufa californica,Bryce National Park,78,Mammal,Sierra Nevada Mountain Beaver,Species of Concern
larus atricilla,Bryce National Park,96,Bird,Laughing Gull,Species of Concern
empidonax traillii,Bryce National Park,109,Bird,Willow Flycatcher,Species of Concern
grus americana,Bryce National Park,24,Bird,Whooping Crane,Endangered
sorex preblei,Bryce National Park,71,Mammal,"Malheur Shrew, Preble's Shrew",Species of Concern
melospiza lincolnii,Bryce National Park,80,Bird,Lincoln's Sparrow,Species of Concern
cardamine clematitis,Bryce National Park,108,Vascular Plant,"Mountain Watercress, Mountain Bitter Cress",Species of Concern
gavia immer,Bryce National Park,81,Bird,Common Loon,Species of Concern
gavia immer,Bryce National Park,81,Bird,"Common Loon, Great Northern Diver, Great Northern Loon",Species of Concern
anaxyrus canorus,Bryce National Park,43,Amphibian,Yosemite Toad,Threatened
chlidonias niger,Bryce National Park,105,Bird,Black Tern,Species of Concern
regina septemvittata,Bryce National Park,87,Reptile,Queen Snake,Species of Concern
botaurus lentiginosus,Bryce National Park,74,Bird,American Bittern,Species of Concern
pica nuttalli,Bryce National Park,128,Bird,Yellow-Billed Magpie,Species of Concern
myotis lucifugus,Bryce National Park,87,Mammal,"Little Brown Bat, Little Brown Myotis",Species of Concern
myotis lucifugus,Bryce National Park,87,Mammal,"Little Brown Bat, Little Brown Myotis, Little Brown Myotis",Species of Concern
myotis lucifugus,Bryce National Park,87,Mammal,Little Brown Myotis,Species of Concern
antrozous pallidus,Bryce National Park,67,Mammal,"Pallid Bat, Pallid Bat",Species of Concern
rana sierrae,Bryce National Park,31,Amphibian,Sierra Nevada Yellow-Legged Frog,Endangered
allium tribracteatum,Bryce National Park,125,Vascular Plant,Threebract Onion,Species of Concern
lilium grayi,Bryce National Park,71,Vascular Plant,Gray's Lily,Species of Concern
lanius ludovicianus,Bryce National Park,92,Bird,Loggerhead Shrike,Species of Concern
ovis canadensis sierrae,Bryce National Park,22,Mammal,Sierra Nevada Bighorn Sheep,Endangered
tachycineta bicolor,Bryce National Park,101,Bird,Tree Swallow,Species of Concern
gymnorhinus cyanocephalus,Bryce National Park,108,Bird,Pinyon Jay,Species of Concern
elanus leucurus,Bryce National Park,71,Bird,White-Tailed Kite,Species of Concern
rana luteiventris,Bryce National Park,69,Amphibian,Columbia Spotted Frog,Species of Concern
abronia ammophila,Bryce National Park,92,Vascular Plant,"Wyoming Sand Verbena, Yellowstone Sand Verbena",Species of Concern
dryocopus pileatus,Bryce National Park,74,Bird,Pileated Woodpecker,Species of Concern
noturus flavipinnis,Bryce National Park,55,Fish,Yellowfin Madtom,Threatened
lysimachia fraseri,Bryce National Park,86,Vascular Plant,Fraser's Loosestrife,Species of Concern
lasionycteris noctivagans,Bryce National Park,100,Mammal,Silver-Haired Bat,Species of Concern
lasionycteris noctivagans,Bryce National Park,100,Mammal,"Silver-Haired Bat, Silver-Haired Bat",Species of Concern
monotropa uniflora,Bryce National Park,98,Vascular Plant,"Indian Pipe, Indian-Pipe",Species of Concern
trillium pusillum var. pusillum,Bryce National Park,105,Vascular Plant,Dwarf Wakerobin,Species of Concern
carex communis var. amplisquama,Bryce National Park,81,Vascular Plant,Dixie Sedge,Species of Concern
myotis septentrionalis,Bryce National Park,52,Mammal,"Northern Long-Eared Bat, Northern Myotis",Threatened
aythya affinis,Bryce National Park,98,Bird,Lesser Scaup,Species of Concern
glyceria nubigena,Bryce National Park,104,Vascular Plant,Smoky Mountain Mannagrass,Species of Concern
parthenium integrifolium,Bryce National Park,73,Vascular Plant,"American Fever-Few, Wild Quinine",Species of Concern
chaetura vauxi,Bryce National Park,80,Bird,Vaux's Swift,Species of Concern
percina burtoni,Bryce National Park,101,Fish,Blotchside Darter,Species of Concern
plagiobothrys torreyi var. diffusus,Bryce National Park,107,Vascular Plant,Torrey's Popcornflower,Species of Concern
trifolium bolanderi,Bryce National Park,95,Vascular Plant,Parasol Clover,Species of Concern
etheostoma percnurum,Bryce National Park,25,Fish,Duskytail Darter,Endangered
myotis yumanensis,Bryce National Park,86,Mammal,"Yuma Myotis, Yuma Myotis",Species of Concern
hydromantes platycephalus,Bryce National Park,128,Amphibian,Mount Lyell Salamander,Species of Concern
cathartes aura,Bryce National Park,49,Bird,Turkey Vulture,Species of Concern
sium suave,Bryce National Park,117,Vascular Plant,"Common Waterparsnip, Hemlock Waterparsnip, Hemlock Water-Parsnip",Species of Concern
spiraea virginiana,Bryce National Park,57,Vascular Plant,Virginia Spiraea,Threatened
bartramia longicauda,Bryce National Park,102,Bird,Upland Sandpiper,Species of Concern
parnassia grandifolia,Bryce National Park,78,Vascular Plant,"Largeleaf Grass Of Parnassus, Large-Leaved Grass-Of-Parnassus",Species of Concern
picoides pubescens,Bryce National Park,79,Bird,Downy Woodpecker,Species of Concern
selasphorus rufus,Bryce National Park,106,Bird,Rufous Hummingbird,Species of Concern
phainopepla nitens,Bryce National Park,100,Bird,Phainopepla,Species of Concern
iris missouriensis,Bryce National Park,100,Vascular Plant,"Rocky Mountain Iris, Western Blue Flag, Wild Iris, Wildiris",Species of Concern
picoides borealis,Bryce National Park,24,Bird,Red-Cockaded Woodpecker,Endangered
aquila chrysaetos,Bryce National Park,101,Bird,Golden Eagle,Species of Concern
rallus elegans,Bryce National Park,53,Bird,King Rail,Species of Concern
lophocolea appalachiana,Bryce National Park,81,Nonvascular Plant,Appalachian Lophocolea,Species of Concern
accipiter striatus,Bryce National Park,62,Bird,Sharp-Shinned Hawk,Species of Concern
falco mexicanus,Bryce National Park,116,Bird,Prairie Falcon,Species of Concern
bazzania nudicaulis,Bryce National Park,135,Nonvascular Plant,Bazzania,Species of Concern
progne subis,Bryce National Park,82,Bird,Purple Martin,Species of Concern
elanoides forficatus,Bryce National Park,94,Bird,"American Swallow-Tailed Kite, Swallow-Tailed Kite",Species of Concern
buteo lineatus,Bryce National Park,85,Bird,Red-Shouldered Hawk,Species of Concern
limosa fedoa,Bryce National Park,96,Bird,Marbled Godwit,Species of Concern
geum radiatum,Bryce National Park,25,Vascular Plant,"Mountain Avens, Spreading Avens",Endangered
falco columbarius,Bryce National Park,94,Bird,Merlin,Species of Concern
oreoscoptes montanus,Bryce National Park,107,Bird,Sage Thrasher,Species of Concern
icteria virens,Bryce National Park,80,Bird,Yellow-Breasted Chat,Species of Concern
eptesicus fuscus,Bryce National Park,72,Mammal,Big Brown Bat,Species of Concern
eptesicus fuscus,Bryce National Park,72,Mammal,"Big Brown Bat, Big Brown Bat",Species of Concern
lasionycteris noctivagans,Bryce National Park,128,Mammal,Silver-Haired Bat,Species of Concern
lasionycteris noctivagans,Bryce National Park,128,Mammal,"Silver-Haired Bat, Silver-Haired Bat",Species of Concern
